domain,name,category,url,contact_url,reason,target_asset,priority,status,contacted_at,response,link_url,follow_status,notes
francenum.gouv.fr,France Num,institutionnel,https://www.francenum.gouv.fr/guides-et-conseils/developpement-commercial/site-web/comment-faire-un-bon-site-internet,,,checklist-site-internet-artisan,A,planned,,,,,Ressource institutionnelle pertinente; inclusion éditoriale incertaine
francenum.gouv.fr,France Num,institutionnel,https://www.francenum.gouv.fr/guides-et-conseils/strategie-numerique/diagnostic-numerique/autodiagnostic-numerique-pour-les,,,checklist-site-internet-artisan,A,planned,,,,,Ressource CMA/France Num proche du public artisan
francenum.gouv.fr,France Num,institutionnel,https://www.francenum.gouv.fr/guides-et-conseils/developpement-commercial/site-web/comment-choisir-le-bon-prestataire-pour-votre-site-internet,,,refaire-son-site-internet-quand-et-pourquoi,B,planned,,,,,Guide sur le choix d’un prestataire
artisan-numerique.org,Artisan Numérique,association,https://artisan-numerique.org/,,,checklist-site-internet-artisan,A,planned,,,,,Association dédiée au numérique dans l’artisanat
lartisanconnecte.cmar-paca.fr,L’Artisan Connecté,CMA/ressource,https://lartisanconnecte.cmar-paca.fr/,,,checklist-site-internet-artisan,A,planned,,,,,Communauté CMA avec boîte à outils et checklists
www.francenum.gouv.fr,Action T.I.C,activateur France Num,https://www.francenum.gouv.fr/activateurs/action-tic,,,checklist-site-internet-artisan,B,planned,,,,,Relais local possible; à qualifier avant toute approche
www.vaucluse.cci.fr,CCI de Vaucluse,CCI,https://www.vaucluse.cci.fr/sites/g/files/mwbcuj1176/files/2024-02/Magazine%20de%20Vaucluse%20CCI%20Acte%201.pdf?tstmp=1708621442,,,checklist-site-internet-artisan,B,planned,,,,,Presse/ressource locale; lien non garanti
www.nouvelle-aquitaine.cci.fr,CCI Nouvelle-Aquitaine,CCI,https://www.nouvelle-aquitaine.cci.fr/sites/g/files/mwbcuj1501/files/2021-07/TPE%20NUMERIQUE%20NLLE-AQUITAINE%20SEPT2020.pdf,,,checklist-site-internet-artisan,B,planned,,,,,Ressource TPE numérique; contenu ancien à vérifier
www.propulsebyca.fr,Propulse by CA,média TPE,https://propulsebyca.fr/communication-entreprise/creer-site-internet,,,checklist-site-internet-artisan,B,planned,,,,,Guide entrepreneur avec angle checklist complémentaire
www.legalstart.fr,Legalstart,média entrepreneur,https://www.legalstart.fr/fiches-pratiques/astuces-entrepreneurs/comment-creer-un-site-internet/,,,checklist-site-internet-artisan,B,planned,,,,,Guide procédural pour créateurs d’entreprise
www.shine.fr,Shine,média TPE,https://www.shine.fr/blog/referencement-local-artisan/,,,checklist-site-internet-artisan,B,planned,,,,,Audience indépendante/artisans et angle visibilité locale
www.ionos.fr,IONOS,éditeur/hébergeur,https://www.ionos.fr/digitalguide/sites-internet/creation-de-sites-internet/creation-dun-site-internet-dartisan/,,,checklist-site-internet-artisan,C,planned,,,,,Grande ressource mais potentiel éditorial faible et acteur commercial
webtensor.fr,Webtensor,média métier,https://webtensor.fr/blog/exemples-sites-internet-artisan,,,checklist-site-internet-artisan,B,planned,,,,,Article proche sur les sites d’artisans
pixelwp.fr,PixelWP,blog professionnel,https://pixelwp.fr/artisan-comment-rediger-des-contenus-qui-convertissent-tes-visiteurs-en-clients/,,,checklist-site-internet-artisan,B,planned,,,,,Angle contenus et conversion complémentaire
adeldev.com,Adeldev,blog professionnel,https://adeldev.com/guides/anatomie-site-internet-artisan/,,,checklist-site-internet-artisan,B,planned,,,,,Guide anatomie d’un site d’artisan
www.artisan-web.com,Artisan Web,acteur métier,https://www.artisan-web.com/blog/quel-artisan-a-besoin-site-web,,,checklist-site-internet-artisan,C,planned,,,,,Concurrent ou acteur adjacent; pas de demande de lien générique
www.auserviceduweb.fr,Au service du web,acteur métier,https://www.auserviceduweb.fr/creation-de-site-web-le-guide-pour-tpe-et-artisans/,,,checklist-site-internet-artisan,C,planned,,,,,Concurrent; seulement angle échange de ressources pertinent
blog.simplebo.fr,Simplébo,concurrent business,https://blog.simplebo.fr/referencement-google-artisans-renovation-energetique,,,checklist-site-internet-artisan,C,planned,,,,,Concurrent direct; ne pas prioriser pour acquisition de lien
www.simplebo.fr,Simplébo,concurrent business,https://www.simplebo.fr/creer-site-internet-artisan-artisanat-batiment,,,checklist-site-internet-artisan,C,planned,,,,,Concurrent direct; cible de veille plutôt que prospection
www.siteartisan.fr,Siteartisan,concurrent business,https://www.siteartisan.fr/,,,checklist-site-internet-artisan,C,planned,,,,,Concurrent direct; lien peu probable
www.planchecontact.fr,PlancheContact,concurrent business,https://www.planchecontact.fr/creation-site-internet-artisan/,,,checklist-site-internet-artisan,C,planned,,,,,Concurrent direct
comdartisans.fr,Com d’Artisans,concurrent business,https://comdartisans.fr/creation-de-site-web.html,,,checklist-site-internet-artisan,C,planned,,,,,Concurrent direct et Activateur France Num
logarti.com,Logarti,partenaire SaaS artisan,https://www.logarti.com/,,,checklist-site-internet-artisan,B,planned,,,,,Logiciel métier artisans; partenariat de ressources possible
pro.le-tournevis.com,Le Tournevis,partenaire SaaS artisan,https://pro.le-tournevis.com/partenariats/,,,checklist-site-internet-artisan,B,planned,,,,,Page partenaires explicite
artisano.pro,Artisano,partenaire SaaS artisan,https://artisano.pro/,,,checklist-site-internet-artisan,B,planned,,,,,Écosystème digital BTP; partenariat à qualifier
ouvralis.fr,Ouvralis,partenaire SaaS artisan,https://ouvralis.fr/,,,checklist-site-internet-artisan,B,planned,,,,,Logiciel de gestion artisans; audience complémentaire
artisanet.eu,ArtisaNet,réseau artisans,https://www.artisanet.eu/,,,checklist-site-internet-artisan,B,planned,,,,,Réseau d’artisans et apport d’affaires
www.sortlist.fr,Sortlist,média/agence,https://www.sortlist.fr/blog/conseils-site-internet/,,,refaire-son-site-internet-quand-et-pourquoi,B,planned,,,,,Guide de création; lien éditorial possible mais à qualifier
www.noiise.com,Noiise,agence/média SEO,https://www.noiise.com/guide/creation-site-internet/,,,refaire-son-site-internet-quand-et-pourquoi,C,planned,,,,,Acteur SEO concurrent; veille plutôt que prospection
